filename,size,uri,download_url
laa0001v.164,230336,atlas:pds3:clem:clementine:/cl_0036/lun164/laxxxxxx/laxxxxxv/laa0001v.164,https://pds-imaging.jpl.nasa.gov/api/data/atlas:pds3:clem:clementine:/cl_0036/lun164/laxxxxxx/laxxxxxv/laa0001v.164::0
laa0001v.164.jpeg,null,atlas:pds3:clem:clementine:/cl_0036/extras/browse/lun164/laxxxxxx/laxxxxxv/laa0001v.164.jpeg,https://pds-imaging.jpl.nasa.gov/api/data/atlas:pds3:clem:clementine:/cl_0036/extras/browse/lun164/laxxxxxx/laxxxxxv/laa0001v.164.jpeg::0
laa0005v.164,230336,atlas:pds3:clem:clementine:/cl_0036/lun164/laxxxxxx/laxxxxxv/laa0005v.164,https://pds-imaging.jpl.nasa.gov/api/data/atlas:pds3:clem:clementine:/cl_0036/lun164/laxxxxxx/laxxxxxv/laa0005v.164::0
laa0005v.164.jpeg,null,atlas:pds3:clem:clementine:/cl_0036/extras/browse/lun164/laxxxxxx/laxxxxxv/laa0005v.164.jpeg,https://pds-imaging.jpl.nasa.gov/api/data/atlas:pds3:clem:clementine:/cl_0036/extras/browse/lun164/laxxxxxx/laxxxxxv/laa0005v.164.jpeg::0
laa0007v.164,230336,atlas:pds3:clem:clementine:/cl_0036/lun164/laxxxxxx/laxxxxxv/laa0007v.164,https://pds-imaging.jpl.nasa.gov/api/data/atlas:pds3:clem:clementine:/cl_0036/lun164/laxxxxxx/laxxxxxv/laa0007v.164::0
laa0007v.164.jpeg,null,atlas:pds3:clem:clementine:/cl_0036/extras/browse/lun164/laxxxxxx/laxxxxxv/laa0007v.164.jpeg,https://pds-imaging.jpl.nasa.gov/api/data/atlas:pds3:clem:clementine:/cl_0036/extras/browse/lun164/laxxxxxx/laxxxxxv/laa0007v.164.jpeg::0
laa0008v.164,230336,atlas:pds3:clem:clementine:/cl_0036/lun164/laxxxxxx/laxxxxxv/laa0008v.164,https://pds-imaging.jpl.nasa.gov/api/data/atlas:pds3:clem:clementine:/cl_0036/lun164/laxxxxxx/laxxxxxv/laa0008v.164::0
laa0008v.164.jpeg,null,atlas:pds3:clem:clementine:/cl_0036/extras/browse/lun164/laxxxxxx/laxxxxxv/laa0008v.164.jpeg,https://pds-imaging.jpl.nasa.gov/api/data/atlas:pds3:clem:clementine:/cl_0036/extras/browse/lun164/laxxxxxx/laxxxxxv/laa0008v.164.jpeg::0
laa0009v.164,230336,atlas:pds3:clem:clementine:/cl_0036/lun164/laxxxxxx/laxxxxxv/laa0009v.164,https://pds-imaging.jpl.nasa.gov/api/data/atlas:pds3:clem:clementine:/cl_0036/lun164/laxxxxxx/laxxxxxv/laa0009v.164::0
laa0009v.164.jpeg,null,atlas:pds3:clem:clementine:/cl_0036/extras/browse/lun164/laxxxxxx/laxxxxxv/laa0009v.164.jpeg,https://pds-imaging.jpl.nasa.gov/api/data/atlas:pds3:clem:clementine:/cl_0036/extras/browse/lun164/laxxxxxx/laxxxxxv/laa0009v.164.jpeg::0
laa0010v.164,230336,atlas:pds3:clem:clementine:/cl_0036/lun164/laxxxxxx/laxxxxxv/laa0010v.164,https://pds-imaging.jpl.nasa.gov/api/data/atlas:pds3:clem:clementine:/cl_0036/lun164/laxxxxxx/laxxxxxv/laa0010v.164::0
laa0010v.164.jpeg,null,atlas:pds3:clem:clementine:/cl_0036/extras/browse/lun164/laxxxxxx/laxxxxxv/laa0010v.164.jpeg,https://pds-imaging.jpl.nasa.gov/api/data/atlas:pds3:clem:clementine:/cl_0036/extras/browse/lun164/laxxxxxx/laxxxxxv/laa0010v.164.jpeg::0
laa0011v.164,230336,atlas:pds3:clem:clementine:/cl_0036/lun164/laxxxxxx/laxxxxxv/laa0011v.164,https://pds-imaging.jpl.nasa.gov/api/data/atlas:pds3:clem:clementine:/cl_0036/lun164/laxxxxxx/laxxxxxv/laa0011v.164::0
laa0011v.164.jpeg,null,atlas:pds3:clem:clementine:/cl_0036/extras/browse/lun164/laxxxxxx/laxxxxxv/laa0011v.164.jpeg,https://pds-imaging.jpl.nasa.gov/api/data/atlas:pds3:clem:clementine:/cl_0036/extras/browse/lun164/laxxxxxx/laxxxxxv/laa0011v.164.jpeg::0
laa0012v.164,230336,atlas:pds3:clem:clementine:/cl_0036/lun164/laxxxxxx/laxxxxxv/laa0012v.164,https://pds-imaging.jpl.nasa.gov/api/data/atlas:pds3:clem:clementine:/cl_0036/lun164/laxxxxxx/laxxxxxv/laa0012v.164::0
laa0012v.164.jpeg,null,atlas:pds3:clem:clementine:/cl_0036/extras/browse/lun164/laxxxxxx/laxxxxxv/laa0012v.164.jpeg,https://pds-imaging.jpl.nasa.gov/api/data/atlas:pds3:clem:clementine:/cl_0036/extras/browse/lun164/laxxxxxx/laxxxxxv/laa0012v.164.jpeg::0
laa0013v.164,230336,atlas:pds3:clem:clementine:/cl_0036/lun164/laxxxxxx/laxxxxxv/laa0013v.164,https://pds-imaging.jpl.nasa.gov/api/data/atlas:pds3:clem:clementine:/cl_0036/lun164/laxxxxxx/laxxxxxv/laa0013v.164::0
laa0013v.164.jpeg,null,atlas:pds3:clem:clementine:/cl_0036/extras/browse/lun164/laxxxxxx/laxxxxxv/laa0013v.164.jpeg,https://pds-imaging.jpl.nasa.gov/api/data/atlas:pds3:clem:clementine:/cl_0036/extras/browse/lun164/laxxxxxx/laxxxxxv/laa0013v.164.jpeg::0
laa0014v.164,230336,atlas:pds3:clem:clementine:/cl_0036/lun164/laxxxxxx/laxxxxxv/laa0014v.164,https://pds-imaging.jpl.nasa.gov/api/data/atlas:pds3:clem:clementine:/cl_0036/lun164/laxxxxxx/laxxxxxv/laa0014v.164::0
laa0014v.164.jpeg,null,atlas:pds3:clem:clementine:/cl_0036/extras/browse/lun164/laxxxxxx/laxxxxxv/laa0014v.164.jpeg,https://pds-imaging.jpl.nasa.gov/api/data/atlas:pds3:clem:clementine:/cl_0036/extras/browse/lun164/laxxxxxx/laxxxxxv/laa0014v.164.jpeg::0
laa0015v.164,230336,atlas:pds3:clem:clementine:/cl_0036/lun164/laxxxxxx/laxxxxxv/laa0015v.164,https://pds-imaging.jpl.nasa.gov/api/data/atlas:pds3:clem:clementine:/cl_0036/lun164/laxxxxxx/laxxxxxv/laa0015v.164::0
laa0015v.164.jpeg,null,atlas:pds3:clem:clementine:/cl_0036/extras/browse/lun164/laxxxxxx/laxxxxxv/laa0015v.164.jpeg,https://pds-imaging.jpl.nasa.gov/api/data/atlas:pds3:clem:clementine:/cl_0036/extras/browse/lun164/laxxxxxx/laxxxxxv/laa0015v.164.jpeg::0
laa0016v.164,230336,atlas:pds3:clem:clementine:/cl_0036/lun164/laxxxxxx/laxxxxxv/laa0016v.164,https://pds-imaging.jpl.nasa.gov/api/data/atlas:pds3:clem:clementine:/cl_0036/lun164/laxxxxxx/laxxxxxv/laa0016v.164::0
laa0016v.164.jpeg,null,atlas:pds3:clem:clementine:/cl_0036/extras/browse/lun164/laxxxxxx/laxxxxxv/laa0016v.164.jpeg,https://pds-imaging.jpl.nasa.gov/api/data/atlas:pds3:clem:clementine:/cl_0036/extras/browse/lun164/laxxxxxx/laxxxxxv/laa0016v.164.jpeg::0
laa0017v.164,230336,atlas:pds3:clem:clementine:/cl_0036/lun164/laxxxxxx/laxxxxxv/laa0017v.164,https://pds-imaging.jpl.nasa.gov/api/data/atlas:pds3:clem:clementine:/cl_0036/lun164/laxxxxxx/laxxxxxv/laa0017v.164::0
laa0017v.164.jpeg,null,atlas:pds3:clem:clementine:/cl_0036/extras/browse/lun164/laxxxxxx/laxxxxxv/laa0017v.164.jpeg,https://pds-imaging.jpl.nasa.gov/api/data/atlas:pds3:clem:clementine:/cl_0036/extras/browse/lun164/laxxxxxx/laxxxxxv/laa0017v.164.jpeg::0
laa0018v.164,230336,atlas:pds3:clem:clementine:/cl_0036/lun164/laxxxxxx/laxxxxxv/laa0018v.164,https://pds-imaging.jpl.nasa.gov/api/data/atlas:pds3:clem:clementine:/cl_0036/lun164/laxxxxxx/laxxxxxv/laa0018v.164::0
laa0018v.164.jpeg,null,atlas:pds3:clem:clementine:/cl_0036/extras/browse/lun164/laxxxxxx/laxxxxxv/laa0018v.164.jpeg,https://pds-imaging.jpl.nasa.gov/api/data/atlas:pds3:clem:clementine:/cl_0036/extras/browse/lun164/laxxxxxx/laxxxxxv/laa0018v.164.jpeg::0
laa0019v.164,230336,atlas:pds3:clem:clementine:/cl_0036/lun164/laxxxxxx/laxxxxxv/laa0019v.164,https://pds-imaging.jpl.nasa.gov/api/data/atlas:pds3:clem:clementine:/cl_0036/lun164/laxxxxxx/laxxxxxv/laa0019v.164::0
laa0019v.164.jpeg,null,atlas:pds3:clem:clementine:/cl_0036/extras/browse/lun164/laxxxxxx/laxxxxxv/laa0019v.164.jpeg,https://pds-imaging.jpl.nasa.gov/api/data/atlas:pds3:clem:clementine:/cl_0036/extras/browse/lun164/laxxxxxx/laxxxxxv/laa0019v.164.jpeg::0
laa0020v.164,230336,atlas:pds3:clem:clementine:/cl_0036/lun164/laxxxxxx/laxxxxxv/laa0020v.164,https://pds-imaging.jpl.nasa.gov/api/data/atlas:pds3:clem:clementine:/cl_0036/lun164/laxxxxxx/laxxxxxv/laa0020v.164::0
laa0020v.164.jpeg,null,atlas:pds3:clem:clementine:/cl_0036/extras/browse/lun164/laxxxxxx/laxxxxxv/laa0020v.164.jpeg,https://pds-imaging.jpl.nasa.gov/api/data/atlas:pds3:clem:clementine:/cl_0036/extras/browse/lun164/laxxxxxx/laxxxxxv/laa0020v.164.jpeg::0
laa0021v.164,230336,atlas:pds3:clem:clementine:/cl_0036/lun164/laxxxxxx/laxxxxxv/laa0021v.164,https://pds-imaging.jpl.nasa.gov/api/data/atlas:pds3:clem:clementine:/cl_0036/lun164/laxxxxxx/laxxxxxv/laa0021v.164::0
laa0021v.164.jpeg,null,atlas:pds3:clem:clementine:/cl_0036/extras/browse/lun164/laxxxxxx/laxxxxxv/laa0021v.164.jpeg,https://pds-imaging.jpl.nasa.gov/api/data/atlas:pds3:clem:clementine:/cl_0036/extras/browse/lun164/laxxxxxx/laxxxxxv/laa0021v.164.jpeg::0
laa0022v.164,230336,atlas:pds3:clem:clementine:/cl_0036/lun164/laxxxxxx/laxxxxxv/laa0022v.164,https://pds-imaging.jpl.nasa.gov/api/data/atlas:pds3:clem:clementine:/cl_0036/lun164/laxxxxxx/laxxxxxv/laa0022v.164::0
laa0022v.164.jpeg,null,atlas:pds3:clem:clementine:/cl_0036/extras/browse/lun164/laxxxxxx/laxxxxxv/laa0022v.164.jpeg,https://pds-imaging.jpl.nasa.gov/api/data/atlas:pds3:clem:clementine:/cl_0036/extras/browse/lun164/laxxxxxx/laxxxxxv/laa0022v.164.jpeg::0
laa0023v.164,230336,atlas:pds3:clem:clementine:/cl_0036/lun164/laxxxxxx/laxxxxxv/laa0023v.164,https://pds-imaging.jpl.nasa.gov/api/data/atlas:pds3:clem:clementine:/cl_0036/lun164/laxxxxxx/laxxxxxv/laa0023v.164::0
laa0023v.164.jpeg,null,atlas:pds3:clem:clementine:/cl_0036/extras/browse/lun164/laxxxxxx/laxxxxxv/laa0023v.164.jpeg,https://pds-imaging.jpl.nasa.gov/api/data/atlas:pds3:clem:clementine:/cl_0036/extras/browse/lun164/laxxxxxx/laxxxxxv/laa0023v.164.jpeg::0
laa0024v.164,230336,atlas:pds3:clem:clementine:/cl_0036/lun164/laxxxxxx/laxxxxxv/laa0024v.164,https://pds-imaging.jpl.nasa.gov/api/data/atlas:pds3:clem:clementine:/cl_0036/lun164/laxxxxxx/laxxxxxv/laa0024v.164::0
laa0024v.164.jpeg,null,atlas:pds3:clem:clementine:/cl_0036/extras/browse/lun164/laxxxxxx/laxxxxxv/laa0024v.164.jpeg,https://pds-imaging.jpl.nasa.gov/api/data/atlas:pds3:clem:clementine:/cl_0036/extras/browse/lun164/laxxxxxx/laxxxxxv/laa0024v.164.jpeg::0
laa0025v.164,230336,atlas:pds3:clem:clementine:/cl_0036/lun164/laxxxxxx/laxxxxxv/laa0025v.164,https://pds-imaging.jpl.nasa.gov/api/data/atlas:pds3:clem:clementine:/cl_0036/lun164/laxxxxxx/laxxxxxv/laa0025v.164::0
laa0025v.164.jpeg,null,atlas:pds3:clem:clementine:/cl_0036/extras/browse/lun164/laxxxxxx/laxxxxxv/laa0025v.164.jpeg,https://pds-imaging.jpl.nasa.gov/api/data/atlas:pds3:clem:clementine:/cl_0036/extras/browse/lun164/laxxxxxx/laxxxxxv/laa0025v.164.jpeg::0
laa0026v.164,230432,atlas:pds3:clem:clementine:/cl_0036/lun164/laxxxxxx/laxxxxxv/laa0026v.164,https://pds-imaging.jpl.nasa.gov/api/data/atlas:pds3:clem:clementine:/cl_0036/lun164/laxxxxxx/laxxxxxv/laa0026v.164::0
laa0026v.164.jpeg,null,atlas:pds3:clem:clementine:/cl_0036/extras/browse/lun164/laxxxxxx/laxxxxxv/laa0026v.164.jpeg,https://pds-imaging.jpl.nasa.gov/api/data/atlas:pds3:clem:clementine:/cl_0036/extras/browse/lun164/laxxxxxx/laxxxxxv/laa0026v.164.jpeg::0
laa0027v.164,230432,atlas:pds3:clem:clementine:/cl_0036/lun164/laxxxxxx/laxxxxxv/laa0027v.164,https://pds-imaging.jpl.nasa.gov/api/data/atlas:pds3:clem:clementine:/cl_0036/lun164/laxxxxxx/laxxxxxv/laa0027v.164::0
laa0027v.164.jpeg,null,atlas:pds3:clem:clementine:/cl_0036/extras/browse/lun164/laxxxxxx/laxxxxxv/laa0027v.164.jpeg,https://pds-imaging.jpl.nasa.gov/api/data/atlas:pds3:clem:clementine:/cl_0036/extras/browse/lun164/laxxxxxx/laxxxxxv/laa0027v.164.jpeg::0
laa0028v.164,230432,atlas:pds3:clem:clementine:/cl_0036/lun164/laxxxxxx/laxxxxxv/laa0028v.164,https://pds-imaging.jpl.nasa.gov/api/data/atlas:pds3:clem:clementine:/cl_0036/lun164/laxxxxxx/laxxxxxv/laa0028v.164::0
laa0028v.164.jpeg,null,atlas:pds3:clem:clementine:/cl_0036/extras/browse/lun164/laxxxxxx/laxxxxxv/laa0028v.164.jpeg,https://pds-imaging.jpl.nasa.gov/api/data/atlas:pds3:clem:clementine:/cl_0036/extras/browse/lun164/laxxxxxx/laxxxxxv/laa0028v.164.jpeg::0
laa0029v.164,230432,atlas:pds3:clem:clementine:/cl_0036/lun164/laxxxxxx/laxxxxxv/laa0029v.164,https://pds-imaging.jpl.nasa.gov/api/data/atlas:pds3:clem:clementine:/cl_0036/lun164/laxxxxxx/laxxxxxv/laa0029v.164::0
laa0029v.164.jpeg,null,atlas:pds3:clem:clementine:/cl_0036/extras/browse/lun164/laxxxxxx/laxxxxxv/laa0029v.164.jpeg,https://pds-imaging.jpl.nasa.gov/api/data/atlas:pds3:clem:clementine:/cl_0036/extras/browse/lun164/laxxxxxx/laxxxxxv/laa0029v.164.jpeg::0
laa0030v.164,230432,atlas:pds3:clem:clementine:/cl_0036/lun164/laxxxxxx/laxxxxxv/laa0030v.164,https://pds-imaging.jpl.nasa.gov/api/data/atlas:pds3:clem:clementine:/cl_0036/lun164/laxxxxxx/laxxxxxv/laa0030v.164::0
laa0030v.164.jpeg,null,atlas:pds3:clem:clementine:/cl_0036/extras/browse/lun164/laxxxxxx/laxxxxxv/laa0030v.164.jpeg,https://pds-imaging.jpl.nasa.gov/api/data/atlas:pds3:clem:clementine:/cl_0036/extras/browse/lun164/laxxxxxx/laxxxxxv/laa0030v.164.jpeg::0
laa0031v.164,230432,atlas:pds3:clem:clementine:/cl_0036/lun164/laxxxxxx/laxxxxxv/laa0031v.164,https://pds-imaging.jpl.nasa.gov/api/data/atlas:pds3:clem:clementine:/cl_0036/lun164/laxxxxxx/laxxxxxv/laa0031v.164::0
laa0031v.164.jpeg,null,atlas:pds3:clem:clementine:/cl_0036/extras/browse/lun164/laxxxxxx/laxxxxxv/laa0031v.164.jpeg,https://pds-imaging.jpl.nasa.gov/api/data/atlas:pds3:clem:clementine:/cl_0036/extras/browse/lun164/laxxxxxx/laxxxxxv/laa0031v.164.jpeg::0
laa0032v.164,230432,atlas:pds3:clem:clementine:/cl_0036/lun164/laxxxxxx/laxxxxxv/laa0032v.164,https://pds-imaging.jpl.nasa.gov/api/data/atlas:pds3:clem:clementine:/cl_0036/lun164/laxxxxxx/laxxxxxv/laa0032v.164::0
laa0032v.164.jpeg,null,atlas:pds3:clem:clementine:/cl_0036/extras/browse/lun164/laxxxxxx/laxxxxxv/laa0032v.164.jpeg,https://pds-imaging.jpl.nasa.gov/api/data/atlas:pds3:clem:clementine:/cl_0036/extras/browse/lun164/laxxxxxx/laxxxxxv/laa0032v.164.jpeg::0
laa0033v.164,230432,atlas:pds3:clem:clementine:/cl_0036/lun164/laxxxxxx/laxxxxxv/laa0033v.164,https://pds-imaging.jpl.nasa.gov/api/data/atlas:pds3:clem:clementine:/cl_0036/lun164/laxxxxxx/laxxxxxv/laa0033v.164::0
laa0033v.164.jpeg,null,atlas:pds3:clem:clementine:/cl_0036/extras/browse/lun164/laxxxxxx/laxxxxxv/laa0033v.164.jpeg,https://pds-imaging.jpl.nasa.gov/api/data/atlas:pds3:clem:clementine:/cl_0036/extras/browse/lun164/laxxxxxx/laxxxxxv/laa0033v.164.jpeg::0
laa0034v.164,230432,atlas:pds3:clem:clementine:/cl_0036/lun164/laxxxxxx/laxxxxxv/laa0034v.164,https://pds-imaging.jpl.nasa.gov/api/data/atlas:pds3:clem:clementine:/cl_0036/lun164/laxxxxxx/laxxxxxv/laa0034v.164::0
laa0034v.164.jpeg,null,atlas:pds3:clem:clementine:/cl_0036/extras/browse/lun164/laxxxxxx/laxxxxxv/laa0034v.164.jpeg,https://pds-imaging.jpl.nasa.gov/api/data/atlas:pds3:clem:clementine:/cl_0036/extras/browse/lun164/laxxxxxx/laxxxxxv/laa0034v.164.jpeg::0
laa0035v.164,230432,atlas:pds3:clem:clementine:/cl_0036/lun164/laxxxxxx/laxxxxxv/laa0035v.164,https://pds-imaging.jpl.nasa.gov/api/data/atlas:pds3:clem:clementine:/cl_0036/lun164/laxxxxxx/laxxxxxv/laa0035v.164::0
laa0035v.164.jpeg,null,atlas:pds3:clem:clementine:/cl_0036/extras/browse/lun164/laxxxxxx/laxxxxxv/laa0035v.164.jpeg,https://pds-imaging.jpl.nasa.gov/api/data/atlas:pds3:clem:clementine:/cl_0036/extras/browse/lun164/laxxxxxx/laxxxxxv/laa0035v.164.jpeg::0
laa0036v.164,230432,atlas:pds3:clem:clementine:/cl_0036/lun164/laxxxxxx/laxxxxxv/laa0036v.164,https://pds-imaging.jpl.nasa.gov/api/data/atlas:pds3:clem:clementine:/cl_0036/lun164/laxxxxxx/laxxxxxv/laa0036v.164::0
laa0036v.164.jpeg,null,atlas:pds3:clem:clementine:/cl_0036/extras/browse/lun164/laxxxxxx/laxxxxxv/laa0036v.164.jpeg,https://pds-imaging.jpl.nasa.gov/api/data/atlas:pds3:clem:clementine:/cl_0036/extras/browse/lun164/laxxxxxx/laxxxxxv/laa0036v.164.jpeg::0
laa0037v.164,230432,atlas:pds3:clem:clementine:/cl_0036/lun164/laxxxxxx/laxxxxxv/laa0037v.164,https://pds-imaging.jpl.nasa.gov/api/data/atlas:pds3:clem:clementine:/cl_0036/lun164/laxxxxxx/laxxxxxv/laa0037v.164::0
laa0037v.164.jpeg,null,atlas:pds3:clem:clementine:/cl_0036/extras/browse/lun164/laxxxxxx/laxxxxxv/laa0037v.164.jpeg,https://pds-imaging.jpl.nasa.gov/api/data/atlas:pds3:clem:clementine:/cl_0036/extras/browse/lun164/laxxxxxx/laxxxxxv/laa0037v.164.jpeg::0
laa0038v.164,230432,atlas:pds3:clem:clementine:/cl_0036/lun164/laxxxxxx/laxxxxxv/laa0038v.164,https://pds-imaging.jpl.nasa.gov/api/data/atlas:pds3:clem:clementine:/cl_0036/lun164/laxxxxxx/laxxxxxv/laa0038v.164::0
laa0038v.164.jpeg,null,atlas:pds3:clem:clementine:/cl_0036/extras/browse/lun164/laxxxxxx/laxxxxxv/laa0038v.164.jpeg,https://pds-imaging.jpl.nasa.gov/api/data/atlas:pds3:clem:clementine:/cl_0036/extras/browse/lun164/laxxxxxx/laxxxxxv/laa0038v.164.jpeg::0
laa0039v.164,230432,atlas:pds3:clem:clementine:/cl_0036/lun164/laxxxxxx/laxxxxxv/laa0039v.164,https://pds-imaging.jpl.nasa.gov/api/data/atlas:pds3:clem:clementine:/cl_0036/lun164/laxxxxxx/laxxxxxv/laa0039v.164::0
laa0039v.164.jpeg,null,atlas:pds3:clem:clementine:/cl_0036/extras/browse/lun164/laxxxxxx/laxxxxxv/laa0039v.164.jpeg,https://pds-imaging.jpl.nasa.gov/api/data/atlas:pds3:clem:clementine:/cl_0036/extras/browse/lun164/laxxxxxx/laxxxxxv/laa0039v.164.jpeg::0
laa0040v.164,230432,atlas:pds3:clem:clementine:/cl_0036/lun164/laxxxxxx/laxxxxxv/laa0040v.164,https://pds-imaging.jpl.nasa.gov/api/data/atlas:pds3:clem:clementine:/cl_0036/lun164/laxxxxxx/laxxxxxv/laa0040v.164::0
laa0040v.164.jpeg,null,atlas:pds3:clem:clementine:/cl_0036/extras/browse/lun164/laxxxxxx/laxxxxxv/laa0040v.164.jpeg,https://pds-imaging.jpl.nasa.gov/api/data/atlas:pds3:clem:clementine:/cl_0036/extras/browse/lun164/laxxxxxx/laxxxxxv/laa0040v.164.jpeg::0
laa0041v.164,230432,atlas:pds3:clem:clementine:/cl_0036/lun164/laxxxxxx/laxxxxxv/laa0041v.164,https://pds-imaging.jpl.nasa.gov/api/data/atlas:pds3:clem:clementine:/cl_0036/lun164/laxxxxxx/laxxxxxv/laa0041v.164::0
laa0041v.164.jpeg,null,atlas:pds3:clem:clementine:/cl_0036/extras/browse/lun164/laxxxxxx/laxxxxxv/laa0041v.164.jpeg,https://pds-imaging.jpl.nasa.gov/api/data/atlas:pds3:clem:clementine:/cl_0036/extras/browse/lun164/laxxxxxx/laxxxxxv/laa0041v.164.jpeg::0
laa0042v.164,230432,atlas:pds3:clem:clementine:/cl_0036/lun164/laxxxxxx/laxxxxxv/laa0042v.164,https://pds-imaging.jpl.nasa.gov/api/data/atlas:pds3:clem:clementine:/cl_0036/lun164/laxxxxxx/laxxxxxv/laa0042v.164::0
laa0042v.164.jpeg,null,atlas:pds3:clem:clementine:/cl_0036/extras/browse/lun164/laxxxxxx/laxxxxxv/laa0042v.164.jpeg,https://pds-imaging.jpl.nasa.gov/api/data/atlas:pds3:clem:clementine:/cl_0036/extras/browse/lun164/laxxxxxx/laxxxxxv/laa0042v.164.jpeg::0
laa0043v.164,230432,atlas:pds3:clem:clementine:/cl_0036/lun164/laxxxxxx/laxxxxxv/laa0043v.164,https://pds-imaging.jpl.nasa.gov/api/data/atlas:pds3:clem:clementine:/cl_0036/lun164/laxxxxxx/laxxxxxv/laa0043v.164::0
laa0043v.164.jpeg,null,atlas:pds3:clem:clementine:/cl_0036/extras/browse/lun164/laxxxxxx/laxxxxxv/laa0043v.164.jpeg,https://pds-imaging.jpl.nasa.gov/api/data/atlas:pds3:clem:clementine:/cl_0036/extras/browse/lun164/laxxxxxx/laxxxxxv/laa0043v.164.jpeg::0
laa0044v.164,230432,atlas:pds3:clem:clementine:/cl_0036/lun164/laxxxxxx/laxxxxxv/laa0044v.164,https://pds-imaging.jpl.nasa.gov/api/data/atlas:pds3:clem:clementine:/cl_0036/lun164/laxxxxxx/laxxxxxv/laa0044v.164::0
laa0044v.164.jpeg,null,atlas:pds3:clem:clementine:/cl_0036/extras/browse/lun164/laxxxxxx/laxxxxxv/laa0044v.164.jpeg,https://pds-imaging.jpl.nasa.gov/api/data/atlas:pds3:clem:clementine:/cl_0036/extras/browse/lun164/laxxxxxx/laxxxxxv/laa0044v.164.jpeg::0
laa0045v.164,230431,atlas:pds3:clem:clementine:/cl_0036/lun164/laxxxxxx/laxxxxxv/laa0045v.164,https://pds-imaging.jpl.nasa.gov/api/data/atlas:pds3:clem:clementine:/cl_0036/lun164/laxxxxxx/laxxxxxv/laa0045v.164::0
laa0045v.164.jpeg,null,atlas:pds3:clem:clementine:/cl_0036/extras/browse/lun164/laxxxxxx/laxxxxxv/laa0045v.164.jpeg,https://pds-imaging.jpl.nasa.gov/api/data/atlas:pds3:clem:clementine:/cl_0036/extras/browse/lun164/laxxxxxx/laxxxxxv/laa0045v.164.jpeg::0
laa0046v.164,230431,atlas:pds3:clem:clementine:/cl_0036/lun164/laxxxxxx/laxxxxxv/laa0046v.164,https://pds-imaging.jpl.nasa.gov/api/data/atlas:pds3:clem:clementine:/cl_0036/lun164/laxxxxxx/laxxxxxv/laa0046v.164::0
laa0046v.164.jpeg,null,atlas:pds3:clem:clementine:/cl_0036/extras/browse/lun164/laxxxxxx/laxxxxxv/laa0046v.164.jpeg,https://pds-imaging.jpl.nasa.gov/api/data/atlas:pds3:clem:clementine:/cl_0036/extras/browse/lun164/laxxxxxx/laxxxxxv/laa0046v.164.jpeg::0
laa0047v.164,230431,atlas:pds3:clem:clementine:/cl_0036/lun164/laxxxxxx/laxxxxxv/laa0047v.164,https://pds-imaging.jpl.nasa.gov/api/data/atlas:pds3:clem:clementine:/cl_0036/lun164/laxxxxxx/laxxxxxv/laa0047v.164::0
laa0047v.164.jpeg,null,atlas:pds3:clem:clementine:/cl_0036/extras/browse/lun164/laxxxxxx/laxxxxxv/laa0047v.164.jpeg,https://pds-imaging.jpl.nasa.gov/api/data/atlas:pds3:clem:clementine:/cl_0036/extras/browse/lun164/laxxxxxx/laxxxxxv/laa0047v.164.jpeg::0
laa0048v.164,230431,atlas:pds3:clem:clementine:/cl_0036/lun164/laxxxxxx/laxxxxxv/laa0048v.164,https://pds-imaging.jpl.nasa.gov/api/data/atlas:pds3:clem:clementine:/cl_0036/lun164/laxxxxxx/laxxxxxv/laa0048v.164::0
laa0048v.164.jpeg,null,atlas:pds3:clem:clementine:/cl_0036/extras/browse/lun164/laxxxxxx/laxxxxxv/laa0048v.164.jpeg,https://pds-imaging.jpl.nasa.gov/api/data/atlas:pds3:clem:clementine:/cl_0036/extras/browse/lun164/laxxxxxx/laxxxxxv/laa0048v.164.jpeg::0
laa0049v.164,230431,atlas:pds3:clem:clementine:/cl_0036/lun164/laxxxxxx/laxxxxxv/laa0049v.164,https://pds-imaging.jpl.nasa.gov/api/data/atlas:pds3:clem:clementine:/cl_0036/lun164/laxxxxxx/laxxxxxv/laa0049v.164::0
laa0049v.164.jpeg,null,atlas:pds3:clem:clementine:/cl_0036/extras/browse/lun164/laxxxxxx/laxxxxxv/laa0049v.164.jpeg,https://pds-imaging.jpl.nasa.gov/api/data/atlas:pds3:clem:clementine:/cl_0036/extras/browse/lun164/laxxxxxx/laxxxxxv/laa0049v.164.jpeg::0
laa0050v.164,230431,atlas:pds3:clem:clementine:/cl_0036/lun164/laxxxxxx/laxxxxxv/laa0050v.164,https://pds-imaging.jpl.nasa.gov/api/data/atlas:pds3:clem:clementine:/cl_0036/lun164/laxxxxxx/laxxxxxv/laa0050v.164::0
laa0050v.164.jpeg,null,atlas:pds3:clem:clementine:/cl_0036/extras/browse/lun164/laxxxxxx/laxxxxxv/laa0050v.164.jpeg,https://pds-imaging.jpl.nasa.gov/api/data/atlas:pds3:clem:clementine:/cl_0036/extras/browse/lun164/laxxxxxx/laxxxxxv/laa0050v.164.jpeg::0
laa0051v.164,230431,atlas:pds3:clem:clementine:/cl_0036/lun164/laxxxxxx/laxxxxxv/laa0051v.164,https://pds-imaging.jpl.nasa.gov/api/data/atlas:pds3:clem:clementine:/cl_0036/lun164/laxxxxxx/laxxxxxv/laa0051v.164::0
laa0051v.164.jpeg,null,atlas:pds3:clem:clementine:/cl_0036/extras/browse/lun164/laxxxxxx/laxxxxxv/laa0051v.164.jpeg,https://pds-imaging.jpl.nasa.gov/api/data/atlas:pds3:clem:clementine:/cl_0036/extras/browse/lun164/laxxxxxx/laxxxxxv/laa0051v.164.jpeg::0
laa0052v.164,230431,atlas:pds3:clem:clementine:/cl_0036/lun164/laxxxxxx/laxxxxxv/laa0052v.164,https://pds-imaging.jpl.nasa.gov/api/data/atlas:pds3:clem:clementine:/cl_0036/lun164/laxxxxxx/laxxxxxv/laa0052v.164::0
laa0052v.164.jpeg,null,atlas:pds3:clem:clementine:/cl_0036/extras/browse/lun164/laxxxxxx/laxxxxxv/laa0052v.164.jpeg,https://pds-imaging.jpl.nasa.gov/api/data/atlas:pds3:clem:clementine:/cl_0036/extras/browse/lun164/laxxxxxx/laxxxxxv/laa0052v.164.jpeg::0
laa0053v.164,230431,atlas:pds3:clem:clementine:/cl_0036/lun164/laxxxxxx/laxxxxxv/laa0053v.164,https://pds-imaging.jpl.nasa.gov/api/data/atlas:pds3:clem:clementine:/cl_0036/lun164/laxxxxxx/laxxxxxv/laa0053v.164::0
laa0053v.164.jpeg,null,atlas:pds3:clem:clementine:/cl_0036/extras/browse/lun164/laxxxxxx/laxxxxxv/laa0053v.164.jpeg,https://pds-imaging.jpl.nasa.gov/api/data/atlas:pds3:clem:clementine:/cl_0036/extras/browse/lun164/laxxxxxx/laxxxxxv/laa0053v.164.jpeg::0
laa0054v.164,230431,atlas:pds3:clem:clementine:/cl_0036/lun164/laxxxxxx/laxxxxxv/laa0054v.164,https://pds-imaging.jpl.nasa.gov/api/data/atlas:pds3:clem:clementine:/cl_0036/lun164/laxxxxxx/laxxxxxv/laa0054v.164::0
laa0054v.164.jpeg,null,atlas:pds3:clem:clementine:/cl_0036/extras/browse/lun164/laxxxxxx/laxxxxxv/laa0054v.164.jpeg,https://pds-imaging.jpl.nasa.gov/api/data/atlas:pds3:clem:clementine:/cl_0036/extras/browse/lun164/laxxxxxx/laxxxxxv/laa0054v.164.jpeg::0
laa0055v.164,230431,atlas:pds3:clem:clementine:/cl_0036/lun164/laxxxxxx/laxxxxxv/laa0055v.164,https://pds-imaging.jpl.nasa.gov/api/data/atlas:pds3:clem:clementine:/cl_0036/lun164/laxxxxxx/laxxxxxv/laa0055v.164::0
laa0055v.164.jpeg,null,atlas:pds3:clem:clementine:/cl_0036/extras/browse/lun164/laxxxxxx/laxxxxxv/laa0055v.164.jpeg,https://pds-imaging.jpl.nasa.gov/api/data/atlas:pds3:clem:clementine:/cl_0036/extras/browse/lun164/laxxxxxx/laxxxxxv/laa0055v.164.jpeg::0
laa0056v.164,230431,atlas:pds3:clem:clementine:/cl_0036/lun164/laxxxxxx/laxxxxxv/laa0056v.164,https://pds-imaging.jpl.nasa.gov/api/data/atlas:pds3:clem:clementine:/cl_0036/lun164/laxxxxxx/laxxxxxv/laa0056v.164::0
laa0056v.164.jpeg,null,atlas:pds3:clem:clementine:/cl_0036/extras/browse/lun164/laxxxxxx/laxxxxxv/laa0056v.164.jpeg,https://pds-imaging.jpl.nasa.gov/api/data/atlas:pds3:clem:clementine:/cl_0036/extras/browse/lun164/laxxxxxx/laxxxxxv/laa0056v.164.jpeg::0
laa0057v.164,230431,atlas:pds3:clem:clementine:/cl_0036/lun164/laxxxxxx/laxxxxxv/laa0057v.164,https://pds-imaging.jpl.nasa.gov/api/data/atlas:pds3:clem:clementine:/cl_0036/lun164/laxxxxxx/laxxxxxv/laa0057v.164::0
laa0057v.164.jpeg,null,atlas:pds3:clem:clementine:/cl_0036/extras/browse/lun164/laxxxxxx/laxxxxxv/laa0057v.164.jpeg,https://pds-imaging.jpl.nasa.gov/api/data/atlas:pds3:clem:clementine:/cl_0036/extras/browse/lun164/laxxxxxx/laxxxxxv/laa0057v.164.jpeg::0
